TAZ,PUMA,REGION
13,7301,4
14,7302,4
15,7301,4
16,7301,4
17,7302,4
18,7302,4
19,7302,4
20,7302,4
21,7302,4
22,7302,4
23,7302,4
24,7302,4
25,7302,4
26,7302,4
27,7302,4
28,7302,4
29,7302,4
30,7302,4
31,7302,4
32,7302,4
33,7302,4
34,7302,4
35,7302,4
36,7302,4
37,7302,4
38,7302,4
39,7302,4
40,7302,4
41,7302,4
42,7302,4
43,7301,4
44,7302,4
45,7302,4
46,7302,4
47,7302,4
48,7302,4
49,7302,4
50,7302,4
51,7302,4
52,7302,4
53,7302,4
54,7302,4
55,7302,4
56,7302,4
57,7302,4
58,7302,4
59,7302,4
60,7302,4
61,7302,4
62,7302,4
63,7302,4
64,7302,4
65,7302,4
66,7302,4
67,7302,4
68,7302,4
69,7302,4
70,7302,4
71,7302,4
72,7302,4
73,7302,4
74,7302,4
75,7302,4
76,7302,4
77,7302,4
78,7302,4
79,7302,4
80,7302,4
81,7302,4
82,7302,4
83,7302,4
84,7302,4
85,7302,4
86,7302,4
87,7302,4
88,7302,4
89,7302,4
90,7302,4
91,7302,4
92,7302,4
93,7302,4
94,7302,4
95,7302,4
96,7302,4
97,7302,4
98,7302,4
99,7302,4
100,7302,4
101,7302,4
102,7302,4
103,7302,4
104,7302,4
105,7302,4
106,7302,4
107,7302,4
108,7302,4
109,7302,4
110,7302,4
111,7302,4
112,7302,4
113,7302,4
114,7302,4
115,7302,4
116,7302,4
117,7302,4
118,7302,4
119,7302,4
120,7302,4
121,7302,4
122,7302,4
123,7302,4
124,7302,4
125,7302,4
126,7302,4
127,7302,4
128,7302,4
129,7302,4
130,7302,4
131,7302,4
132,7302,4
133,7302,4
134,7302,4
135,7302,4
136,7302,4
137,7302,4
138,7302,4
139,7302,4
140,7302,4
141,7302,4
142,7302,4
143,7301,4
144,7302,4
145,7302,4
146,7302,4
147,7302,4
148,7302,4
149,7302,4
150,7302,4
151,7302,4
152,7302,4
153,7302,4
154,7302,4
155,7302,4
156,7302,4
157,7302,4
158,7302,4
159,7302,4
160,7302,4
161,7302,4
162,7302,4
163,7302,4
164,7302,4
165,7302,4
166,7302,4
167,7302,4
168,7302,4
169,7302,4
170,7302,4
171,7302,4
172,7301,4
173,7302,4
174,7302,4
175,7302,4
176,7302,4
177,7302,4
178,7302,4
179,7302,4
180,7302,4
181,7302,4
182,7301,4
183,7302,4
184,7302,4
185,7302,4
186,7302,4
187,7302,4
188,7302,4
189,7302,4
190,7302,4
191,7302,4
192,7302,4
193,7302,4
194,7302,4
195,7302,4
196,7302,4
197,7302,4
198,7301,4
199,7302,4
200,7302,4
201,7301,4
202,7302,4
203,7301,4
204,7302,4
205,7302,4
206,7302,4
207,7302,4
208,7302,4
209,7302,4
210,7302,4
211,7302,4
212,7302,4
213,7302,4
214,7302,4
215,7302,4
216,7302,4
217,7302,4
218,7302,4
219,7302,4
220,7301,4
221,7302,4
222,7302,4
223,7302,4
224,7302,4
225,7302,4
226,7302,4
227,7302,4
228,7302,4
229,7302,4
230,7302,4
231,7302,4
232,7302,4
233,7301,4
234,7302,4
235,7302,4
236,7302,4
237,7302,4
238,7302,4
239,7301,4
240,7302,4
241,7302,4
242,7301,4
243,7302,4
244,7302,4
245,7302,4
246,7302,4
247,7302,4
248,7302,4
249,7303,4
250,7302,4
251,7302,4
252,7302,4
253,7302,4
254,7302,4
255,7302,4
256,7301,4
257,7302,4
258,7302,4
259,7302,4
260,7301,4
261,7301,4
262,7302,4
263,7301,4
264,7306,4
265,7301,4
266,7301,4
267,7302,4
268,7301,4
269,7301,4
270,7301,4
271,7302,4
272,7303,4
273,7302,4
274,7303,4
275,7301,4
276,7301,4
277,7302,4
278,7302,4
279,7301,4
280,7303,4
281,7302,4
282,7302,4
283,7302,4
284,7302,4
285,7302,4
286,7302,4
287,7302,4
288,7303,4
289,7302,4
290,7302,4
291,7303,4
292,7302,4
293,7302,4
294,7302,4
295,7302,4
296,7303,4
297,7301,4
298,7303,4
299,7302,4
300,7303,4
301,7302,4
302,7301,4
303,7301,4
304,7302,4
305,7303,4
306,7301,4
307,7303,4
308,7302,4
309,7303,4
310,7301,4
311,7301,4
312,7301,4
313,7301,4
314,7302,4
315,7303,4
316,7301,4
317,7302,4
318,7302,4
319,7302,4
320,7301,4
321,7301,4
322,7301,4
323,7302,4
324,7302,4
325,7302,4
326,7302,4
327,7302,4
328,7301,4
329,7302,4
330,7301,4
331,7306,4
332,7302,4
333,7301,4
334,7301,4
335,7301,4
336,7301,4
337,7302,4
338,7303,4
339,7301,4
340,7301,4
341,7301,4
342,7303,4
343,7301,4
344,7301,4
345,7303,4
346,7303,4
347,7302,4
348,7303,4
349,7301,4
350,7301,4
351,7303,4
352,7303,4
353,7303,4
354,7303,4
355,7302,4
356,7302,4
357,7302,4
358,7302,4
359,7301,4
360,7303,4
361,7301,4
362,7303,4
363,7302,4
364,7301,4
365,7301,4
366,7301,4
367,7303,4
368,7301,4
369,7301,4
370,7302,4
371,7302,4
372,7303,4
373,7301,4
374,7303,4
375,7303,4
376,7303,4
377,7301,4
378,7301,4
379,7302,4
380,7303,4
381,7301,4
382,7301,4
383,7302,4
384,7303,4
385,7303,4
386,7303,4
387,7303,4
388,7303,4
389,7303,4
390,7303,4
391,7302,4
392,7301,4
393,7302,4
394,7302,4
395,7301,4
396,7303,4
397,7301,4
398,7306,4
399,7301,4
400,7301,4
401,7303,4
402,7302,4
403,7301,4
404,7302,4
405,7301,4
406,7303,4
407,7303,4
408,7303,4
409,7302,4
410,7301,4
411,7301,4
412,7301,4
413,7301,4
414,7301,4
415,7303,4
416,7302,4
417,7303,4
418,7303,4
419,7303,4
420,7302,4
421,7301,4
422,7301,4
423,7303,4
424,7301,4
425,7301,4
426,7303,4
427,7303,4
428,7301,4
429,7301,4
430,7303,4
431,7302,4
432,7303,4
433,7303,4
434,7301,4
435,7301,4
436,7303,4
437,7301,4
438,7303,4
439,7303,4
440,7303,4
441,7303,4
442,7302,4
443,7301,4
444,7301,4
445,7301,4
446,7301,4
447,7303,4
448,7302,4
449,7301,4
450,7303,4
451,7301,4
452,7301,4
453,7301,4
454,7302,4
455,7303,4
456,7303,4
457,7301,4
458,7301,4
459,7301,4
460,7303,4
461,7303,4
462,7303,4
463,7301,4
464,7301,4
465,7303,4
466,7301,4
467,7303,4
468,7303,4
469,7303,4
470,7303,4
471,7303,4
472,7303,4
473,7303,4
474,7301,4
475,7302,4
476,7303,4
477,7303,4
478,7306,4
479,7303,4
480,7303,4
481,7302,4
482,7301,4
483,7303,4
484,7301,4
485,7302,4
486,7302,4
487,7303,4
488,7306,4
489,7303,4
490,7303,4
491,7306,4
492,7306,4
493,7301,4
494,7301,4
495,7301,4
496,7301,4
497,7301,4
498,7303,4
499,7301,4
500,7303,4
501,7301,4
502,7301,4
503,7303,4
504,7301,4
505,7301,4
506,7303,4
507,7303,4
508,7303,4
509,7303,4
510,7306,4
511,7303,4
512,7302,4
513,7301,4
514,7301,4
515,7303,4
516,7303,4
517,7303,4
518,7303,4
519,7301,4
520,7301,4
521,7301,4
522,7302,4
523,7303,4
524,7301,4
525,7303,4
526,7301,4
527,7306,4
528,7302,4
529,7301,4
530,7303,4
531,7301,4
532,7303,4
533,7301,4
534,7303,4
535,7301,4
536,7303,4
537,7303,4
538,7303,4
539,7301,4
540,7303,4
541,7303,4
542,7301,4
543,7301,4
544,7301,4
545,7301,4
546,7301,4
547,7303,4
548,7301,4
549,7301,4
550,7303,4
551,7302,4
552,7301,4
553,7301,4
554,7301,4
555,7301,4
556,7303,4
557,7303,4
558,7303,4
559,7303,4
560,7303,4
561,7301,4
562,7301,4
563,7301,4
564,7302,4
565,7303,4
566,7301,4
567,7303,4
568,7302,4
569,7301,4
570,7303,4
571,7301,4
572,7301,4
573,7301,4
574,7301,4
575,7301,4
576,7303,4
577,7301,4
578,7303,4
579,7303,4
580,7301,4
581,7301,4
582,7306,4
583,7303,4
584,7301,4
585,7301,4
586,7303,4
587,7303,4
588,7301,4
589,7301,4
590,7303,4
591,7303,4
592,7301,4
593,7303,4
594,7301,4
595,7303,4
596,7302,4
597,7306,4
598,7301,4
599,7303,4
600,7303,4
601,7301,4
602,7303,4
603,7301,4
604,7305,4
605,7301,4
606,7301,4
607,7301,4
608,7301,4
609,7301,4
610,7303,4
611,7306,4
612,7301,4
613,7303,4
614,7303,4
615,7301,4
616,7302,4
617,7301,4
618,7301,4
619,7303,4
620,7301,4
621,7301,4
622,7301,4
623,7303,4
624,7303,4
625,7305,4
626,7301,4
627,7303,4
628,7303,4
629,7303,4
630,7301,4
631,7301,4
632,7301,4
633,7303,4
634,7301,4
635,7301,4
636,7301,4
637,7306,4
638,7303,4
639,7301,4
640,7301,4
641,7301,4
642,7303,4
643,7301,4
644,7303,4
645,7303,4
646,7301,4
647,7303,4
648,7301,4
649,7303,4
650,7303,4
651,7303,4
652,7303,4
653,7303,4
654,7301,4
655,7303,4
656,7303,4
657,7301,4
658,7301,4
659,7301,4
660,7301,4
661,7304,4
662,7303,4
663,7303,4
664,7301,4
665,7303,4
666,7303,4
667,7303,4
668,7301,4
669,7303,4
670,7301,4
671,7305,4
672,7303,4
673,7305,4
674,7301,4
675,7301,4
676,7304,4
677,7303,4
678,7303,4
679,7303,4
680,7301,4
681,7304,4
682,7306,4
683,7304,4
684,7304,4
685,7304,4
686,7301,4
687,7301,4
688,7303,4
689,7304,4
690,7304,4
691,7301,4
692,7304,4
693,7301,4
694,7304,4
695,7304,4
696,7304,4
697,7303,4
698,7304,4
699,7304,4
700,7305,4
701,7305,4
702,7301,4
703,7305,4
704,7305,4
705,7301,4
706,7304,4
707,7304,4
708,7303,4
709,7304,4
710,7306,4
711,7306,4
712,7304,4
713,7303,4
714,7302,4
715,7303,4
716,7303,4
717,7301,4
718,7304,4
719,7306,4
720,7306,4
721,7304,4
722,7303,4
723,7302,4
724,7304,4
725,7301,4
726,7301,4
727,7306,4
728,7304,4
729,7303,4
730,7304,4
731,7304,4
732,7303,4
733,7301,4
734,7303,4
735,7305,4
736,7304,4
737,7304,4
738,7302,4
739,7304,4
740,7304,4
741,7305,4
742,7301,4
743,7304,4
744,7304,4
745,7303,4
746,7303,4
747,7304,4
748,7303,4
749,7301,4
750,7306,4
751,7301,4
752,7305,4
753,7303,4
754,7305,4
755,7304,4
756,7307,4
757,7306,4
758,7303,4
759,7303,4
760,7306,4
761,7304,4
762,7303,4
763,7303,4
764,7303,4
765,7304,4
766,7304,4
767,7306,4
768,7305,4
769,7304,4
770,7305,4
771,7303,4
772,7304,4
773,7304,4
774,7305,4
775,7303,4
776,7303,4
777,7306,4
778,7305,4
779,7306,4
780,7303,4
781,7304,4
782,7304,4
783,7304,4
784,7303,4
785,7304,4
786,7304,4
787,7306,4
788,7306,4
789,7304,4
790,7304,4
791,7304,4
792,7304,4
793,7304,4
794,7306,4
795,7304,4
796,7303,4
797,7305,4
798,7304,4
799,7305,4
800,7303,4
801,7303,4
802,7306,4
803,7305,4
804,7304,4
805,7306,4
806,7303,4
807,7306,4
808,7304,4
809,7304,4
810,7302,4
811,7302,4
812,7305,4
813,7304,4
814,7304,4
815,7304,4
816,7305,4
817,7304,4
818,7304,4
819,7305,4
820,7305,4
821,7306,4
822,7305,4
823,7304,4
824,7303,4
825,7305,4
826,7305,4
827,7306,4
828,7304,4
829,7304,4
830,7303,4
831,7304,4
832,7305,4
833,7306,4
834,7305,4
835,7304,4
836,7304,4
837,7305,4
838,7306,4
839,7304,4
840,7306,4
841,7304,4
842,7305,4
843,7304,4
844,7305,4
845,7305,4
846,7305,4
847,7305,4
848,7305,4
849,7304,4
850,7305,4
851,7306,4
852,7305,4
853,7306,4
854,7304,4
855,7304,4
856,7304,4
857,7305,4
858,7304,4
859,7304,4
860,7304,4
861,7306,4
862,7305,4
863,7306,4
864,7306,4
865,7306,4
866,7305,4
867,7305,4
868,7303,4
869,7305,4
870,7306,4
871,7305,4
872,7304,4
873,7304,4
874,7303,4
875,7305,4
876,7305,4
877,7305,4
878,7305,4
879,7305,4
880,7304,4
881,7305,4
882,7304,4
883,7304,4
884,7304,4
885,7306,4
886,7306,4
887,7304,4
888,7306,4
889,7305,4
890,7303,4
891,7306,4
892,7305,4
893,7304,4
894,7305,4
895,7304,4
896,7306,4
897,7305,4
898,7305,4
899,7305,4
900,7304,4
901,7305,4
902,7305,4
903,7305,4
904,7304,4
905,7305,4
906,7305,4
907,7305,4
908,7305,4
909,7305,4
910,7306,4
911,7305,4
912,7306,4
913,7306,4
914,7306,4
915,7305,4
916,7304,4
917,7306,4
918,7305,4
919,7305,4
920,7304,4
921,7306,4
922,7305,4
923,7305,4
924,7305,4
925,7305,4
926,7306,4
927,7304,4
928,7304,4
929,7306,4
930,7305,4
931,7305,4
932,7306,4
933,7306,4
934,7305,4
935,7306,4
936,7305,4
937,7305,4
938,7304,4
939,7304,4
940,7305,4
941,7305,4
942,7305,4
943,7306,4
944,7304,4
945,7305,4
946,7304,4
947,7305,4
948,7306,4
949,7306,4
950,7305,4
951,7304,4
952,7306,4
953,7305,4
954,7305,4
955,7305,4
956,7304,4
957,7304,4
958,7305,4
959,7305,4
960,7305,4
961,7304,4
962,7305,4
963,7305,4
964,7305,4
965,7305,4
966,7306,4
967,7306,4
968,7305,4
969,7304,4
970,7304,4
971,7306,4
972,7306,4
973,7305,4
974,7305,4
975,7306,4
976,7305,4
977,7305,4
978,7305,4
979,7306,4
980,7305,4
981,7305,4
982,7305,4
983,7304,4
984,7306,4
985,7304,4
986,7305,4
987,7305,4
988,7305,4
989,7305,4
990,7306,4
991,7305,4
992,7305,4
993,7305,4
994,7304,4
995,7305,4
996,7305,4
997,7305,4
998,7304,4
999,7306,4
1000,7305,4
1001,7305,4
1002,7304,4
1003,7306,4
1004,7306,4
1005,7306,4
1006,7305,4
1007,7305,4
1008,7306,4
1009,7306,4
1010,7305,4
1011,7306,4
1012,7304,4
1013,7305,4
1014,7305,4
1015,7306,4
1016,7304,4
1017,7305,4
1018,7305,4
1019,7306,4
1020,7305,4
1021,7306,4
1022,7306,4
1023,7305,4
1024,7305,4
1025,7305,4
1026,7305,4
1027,7306,4
1028,7305,4
1029,7305,4
1030,7305,4
1031,7305,4
1032,7304,4
1033,7305,4
1034,7306,4
1035,7306,4
1036,7306,4
1037,7306,4
1038,7305,4
1039,7304,4
1040,7304,4
1041,7305,4
1042,7305,4
1043,7305,4
1044,7304,4
1045,7304,4
1046,7304,4
1047,7305,4
1048,7306,4
1049,7304,4
1050,7304,4
1051,7304,4
1052,7305,4
1053,7306,4
1054,7306,4
1055,7304,4
1056,7305,4
1057,7304,4
1058,7305,4
1059,7306,4
1060,7305,4
1061,7305,4
1062,7306,4
1063,7306,4
1064,7306,4
1065,7305,4
1066,7305,4
1067,7306,4
1068,7304,4
1069,7305,4
1070,7304,4
1071,7306,4
1072,7306,4
1073,7304,4
1074,7306,4
1075,7305,4
1076,7305,4
1077,7305,4
1078,7306,4
1079,7305,4
1080,7304,4
1081,7305,4
1082,7305,4
1083,7306,4
1084,7305,4
1085,7306,4
1086,7305,4
1087,7302,4
1088,7304,4
1089,7306,4
1090,7304,4
1091,7305,4
1092,7305,4
1093,7305,4
1094,7306,4
1095,7306,4
1096,7304,4
1097,7304,4
1098,7306,4
1099,7304,4
1100,7304,4
1101,7305,4
1102,7306,4
1103,7305,4
1104,7305,4
1105,7304,4
1106,7304,4
1107,7306,4
1108,7306,4
1109,7304,4
1110,7305,4
1111,7304,4
1112,7305,4
1113,7305,4
1114,7306,4
1115,7305,4
1116,7306,4
1117,7306,4
1118,7306,4
1119,7304,4
1120,7304,4
1121,7305,4
1122,7306,4
1123,7306,4
1124,7304,4
1125,7305,4
1126,7305,4
1127,7306,4
1128,7306,4
1129,7306,4
1130,7306,4
1131,7306,4
1132,7304,4
1133,7306,4
1134,7306,4
1135,7305,4
1136,7305,4
1137,7306,4
1138,7304,4
1139,7305,4
1140,7305,4
1141,7306,4
1142,7305,4
1143,7305,4
1144,7304,4
1145,7305,4
1146,7305,4
1147,7304,4
1148,7306,4
1149,7306,4
1150,7304,4
1151,7306,4
1152,7306,4
1153,7306,4
1154,7305,4
1155,7304,4
1156,7305,4
1157,7305,4
1158,7306,4
1159,7306,4
1160,7304,4
1161,7304,4
1162,7306,4
1163,7306,4
1164,7305,4
1165,7306,4
1166,7306,4
1167,7306,4
1168,7306,4
1169,7305,4
1170,7304,4
1171,7306,4
1172,7305,4
1173,7304,4
1174,7305,4
1175,7305,4
1176,7305,4
1177,7305,4
1178,7306,4
1179,7305,4
1180,7307,4
1181,7305,4
1182,7304,4
1183,7306,4
1184,7305,4
1185,7304,4
1186,7304,4
1187,7305,4
1188,7304,4
1189,7306,4
1190,7306,4
1191,7304,4
1192,7306,4
1193,7305,4
1194,7305,4
1195,7306,4
1196,7306,4
1197,7305,4
1198,7306,4
1199,7302,4
1200,7306,4
1201,7304,4
1202,7306,4
1203,7306,4
1204,7307,4
1205,7304,4
1206,7305,4
1207,7305,4
1208,7306,4
1209,7304,4
1210,7305,4
1211,7306,4
1212,7304,4
1213,7305,4
1214,7306,4
1215,7305,4
1216,7304,4
1217,7302,4
1218,7302,4
1219,7302,4
1220,7306,4
1221,7305,4
1222,7306,4
1223,7305,4
1224,7306,4
1225,7305,4
1226,7305,4
1227,7304,4
1228,7306,4
1229,7306,4
1230,7305,4
1231,7305,4
1232,7306,4
1233,7304,4
1234,7304,4
1235,7305,4
1236,7304,4
1237,7306,4
1238,7305,4
1239,7306,4
1240,7305,4
1241,7305,4
1242,7306,4
1243,7306,4
1244,7306,4
1245,7304,4
1246,7305,4
1247,7306,4
1248,7306,4
1249,7306,4
1250,7304,4
1251,7309,4
1252,7306,4
1253,7306,4
1254,7304,4
1255,7304,4
1256,7304,4
1257,7306,4
1258,7304,4
1259,7305,4
1260,7304,4
1261,7305,4
1262,7306,4
1263,7306,4
1264,7305,4
1265,7306,4
1266,7304,4
1267,7305,4
1268,7306,4
1269,7306,4
1270,7306,4
1271,7306,4
1272,7306,4
1273,7306,4
1274,7305,4
1275,7305,4
1276,7304,4
1277,7306,4
1278,7306,4
1279,7304,4
1280,7304,4
1281,7306,4
1282,7304,4
1283,7304,4
1284,7304,4
1285,7306,4
1286,7304,4
1287,7305,4
1288,7305,4
1289,7306,4
1290,7304,4
1291,7306,4
1292,7306,4
1293,7305,4
1294,7305,4
1295,7305,4
1296,7306,4
1297,7305,4
1298,7306,4
1299,7306,4
1300,7306,4
1301,7306,4
1302,7306,4
1303,7306,4
1304,7306,4
1305,7305,4
1306,7306,4
1307,7306,4
1308,7304,4
1309,7306,4
1310,7304,4
1311,7306,4
1312,7304,4
1313,7306,4
1314,7304,4
1315,7302,4
1316,7306,4
1317,7309,4
1318,7306,4
1319,7306,4
1320,7304,4
1321,7305,4
1322,7306,4
1323,7304,4
1324,7304,4
1325,7304,4
1326,7304,4
1327,7305,4
1328,7306,4
1329,7306,4
1330,7305,4
1331,7306,4
1332,7304,4
1333,7306,4
1334,7304,4
1335,7306,4
1336,7309,4
1337,7306,4
1338,7304,4
1339,7306,4
1340,7302,4
1341,7309,4
1342,7306,4
1343,7306,4
1344,7307,4
1345,7304,4
1346,7304,4
1347,7306,4
1348,7305,4
1349,7304,4
1350,7306,4
1351,7309,4
1352,7307,4
1353,7306,4
1354,7309,4
1355,7306,4
1356,7306,4
1357,7306,4
1358,7306,4
1359,7304,4
1360,7304,4
1361,7309,4
1362,7309,4
1363,7309,4
1364,7309,4
1365,7306,4
1366,7306,4
1367,7309,4
1368,7306,4
1369,7306,4
1370,7302,4
1371,7306,4
1372,7306,4
1373,7306,4
1374,7307,4
1375,7307,4
1376,7306,4
1377,7307,4
1378,7306,4
1379,7306,4
1380,7302,4
1381,7306,4
1382,7304,4
1383,7305,4
1384,7309,4
1385,7306,4
1386,7305,4
1387,7306,4
1388,7304,4
1389,7306,4
1390,7309,4
1391,7304,4
1392,7304,4
1393,7309,4
1394,7306,4
1395,7309,4
1396,7309,4
1397,7309,4
1398,7304,4
1399,7302,4
1400,7309,4
1401,7309,4
1402,7306,4
1403,7306,4
1404,7309,4
1405,7309,4
1406,7306,4
1407,7306,4
1408,7307,4
1409,7306,4
1410,7309,4
1411,7307,4
1412,7307,4
1413,7306,4
1414,7306,4
1415,7309,4
1416,7302,4
1417,7306,4
1418,7305,4
1419,7309,4
1420,7307,4
1421,7309,4
1422,7306,4
1423,7309,4
1424,7309,4
1425,7302,4
1426,7309,4
1427,7306,4
1428,7309,4
1429,7309,4
1430,7302,4
1431,7304,4
1432,7302,4
1433,7302,4
1434,7309,4
1435,7306,4
1436,7306,4
1437,7302,4
1438,7309,4
1439,7309,4
1440,7306,4
1441,7306,4
1442,7307,4
1443,7308,4
1444,7306,4
1445,7309,4
1446,7306,4
1447,7309,4
1448,7309,4
1449,7309,4
1450,7309,4
1451,7309,4
1452,7309,4
1453,7309,4
1454,7306,4
1455,7307,4
1456,7309,4
1457,7309,4
1458,7309,4
1459,7306,4
1460,7307,4
1461,7307,4
1462,7308,4
1463,7309,4
1464,7309,4
1465,7309,4
1466,7309,4
1467,7309,4
1468,7309,4
1469,7309,4
1470,7309,4
1471,7307,4
1472,7308,4
1473,7309,4
1474,7309,4
1475,7307,4
1476,7309,4
1477,7309,4
1478,7309,4
1479,7309,4
1480,7308,4
1481,7302,4
1482,7309,4
1483,7309,4
1484,7309,4
1485,7307,4
1486,7309,4
1487,7307,4
1488,7309,4
1489,7309,4
1490,7309,4
1491,7309,4
1492,7309,4
1493,7309,4
1494,7309,4
1495,7309,4
1496,7309,4
1497,7309,4
1498,7309,4
1499,7307,4
1500,7307,4
1501,7309,4
1502,7309,4
1503,7309,4
1504,7308,4
1505,7309,4
1506,7309,4
1507,7309,4
1508,7309,4
1509,7309,4
1510,7309,4
1511,7309,4
1512,7309,4
1513,7309,4
1514,7308,4
1515,7308,4
1516,7309,4
1517,7309,4
1518,7309,4
1519,7309,4
1520,7309,4
1521,7309,4
1522,7309,4
1523,7309,4
1524,7309,4
1525,7309,4
1526,7308,4
1527,7309,4
1528,7309,4
1529,7307,4
1530,7307,4
1531,7309,4
1532,7307,4
1533,7309,4
1534,7309,4
1535,7309,4
1536,7309,4
1537,7309,4
1538,7309,4
1539,7309,4
1540,7307,4
1541,7307,4
1542,7307,4
1543,7307,4
1544,7309,4
1545,7307,4
1546,7309,4
1547,7309,4
1548,7309,4
1549,7309,4
1550,7309,4
1551,7309,4
1552,7308,4
1553,7309,4
1554,7308,4
1555,7307,4
1556,7309,4
1557,7309,4
1558,7309,4
1559,7307,4
1560,7307,4
1561,7308,4
1562,7309,4
1563,7309,4
1564,7309,4
1565,7309,4
1566,7309,4
1567,7307,4
1568,7307,4
1569,7309,4
1570,7309,4
1571,7309,4
1572,7309,4
1573,7309,4
1574,7309,4
1575,7309,4
1576,7309,4
1577,7309,4
1578,7307,4
1579,7309,4
1580,7309,4
1581,7309,4
1582,7307,4
1583,7308,4
1584,7307,4
1585,7308,4
1586,7307,4
1587,7309,4
1588,7309,4
1589,7307,4
1590,7308,4
1591,7309,4
1592,7309,4
1593,7309,4
1594,7309,4
1595,7309,4
1596,7307,4
1597,7309,4
1598,7309,4
1599,7308,4
1600,7309,4
1601,7308,4
1602,7307,4
1603,7309,4
1604,7309,4
1605,7309,4
1606,7307,4
1607,7307,4
1608,7307,4
1609,7307,4
1610,7307,4
1611,7308,4
1612,7309,4
1613,7309,4
1614,7307,4
1615,7309,4
1616,7309,4
1617,7309,4
1618,7309,4
1619,7309,4
1620,7307,4
1621,7309,4
1622,7307,4
1623,7307,4
1624,7309,4
1625,7308,4
1626,7307,4
1627,7308,4
1628,7307,4
1629,7307,4
1630,7309,4
1631,7309,4
1632,7309,4
1633,7309,4
1634,7307,4
1635,7309,4
1636,7307,4
1637,7307,4
1638,7307,4
1639,7308,4
1640,7308,4
1641,7307,4
1642,7309,4
1643,7308,4
1644,7307,4
1645,7308,4
1646,7309,4
1647,7309,4
1648,7309,4
1649,7307,4
1650,7309,4
1651,7308,4
1652,7309,4
1653,7309,4
1654,7308,4
1655,7307,4
1656,7307,4
1657,7307,4
1658,7309,4
1659,7309,4
1660,7307,4
1661,7309,4
1662,7307,4
1663,7309,4
1664,7309,4
1665,7309,4
1666,7302,4
1667,7302,4
1668,7309,4
1669,7309,4
1670,7307,4
1671,7309,4
1672,7307,4
1673,7307,4
1674,7309,4
1675,7307,4
1676,7307,4
1677,7309,4
1678,7308,4
1679,7309,4
1680,7308,4
1681,7308,4
1682,7309,4
1683,7309,4
1684,7308,4
1685,7309,4
1686,7309,4
1687,7309,4
1688,7309,4
1689,7309,4
1690,7307,4
1691,7309,4
1692,7308,4
1693,7309,4
1694,7309,4
1695,7309,4
1696,7307,4
1697,7307,4
1698,7309,4
1699,7308,4
1700,7309,4
1701,7307,4
1702,7309,4
1703,7309,4
1704,7308,4
1705,7302,4
1706,7308,4
1707,7308,4
1708,7308,4
1709,7307,4
1710,7309,4
1711,7308,4
1712,7308,4
1713,7309,4
1714,7307,4
1715,7309,4
1716,7309,4
1717,7308,4
1718,7308,4
1719,7308,4
1720,7309,4
1721,7308,4
1722,7307,4
1723,7309,4
1724,7307,4
1725,7307,4
1726,7309,4
1727,7307,4
1728,7309,4
1729,7309,4
1730,7309,4
1731,7309,4
1732,7307,4
1733,7308,4
1734,7309,4
1735,7309,4
1736,7307,4
1737,7308,4
1738,7309,4
1739,7309,4
1740,7308,4
1741,7308,4
1742,7308,4
1743,7309,4
1744,7309,4
1745,7307,4
1746,7309,4
1747,7309,4
1748,7309,4
1749,7309,4
1750,7307,4
1751,7308,4
1752,7309,4
1753,7307,4
1754,7309,4
1755,7308,4
1756,7308,4
1757,7308,4
1758,7309,4
1759,7307,4
1760,7309,4
1761,7307,4
1762,7309,4
1763,7309,4
1764,7309,4
1765,7309,4
1766,7308,4
1767,7309,4
1768,7307,4
1769,7309,4
1770,7309,4
1771,7309,4
1772,7309,4
1773,7309,4
1774,7309,4
1775,7309,4
1776,7309,4
1777,7309,4
1778,7308,4
1779,7309,4
1780,7308,4
1781,7308,4
1782,7308,4
1783,7309,4
1784,7309,4
1785,7309,4
1786,7308,4
1787,7308,4
1788,7309,4
1789,7309,4
1790,7307,4
1791,7307,4
1792,7308,4
1793,7309,4
1794,7308,4
1795,7309,4
1796,7311,4
1797,7309,4
1798,7308,4
1799,7309,4
1800,7309,4
1801,7308,4
1802,7309,4
1803,7309,4
1804,7311,4
1805,7309,4
1806,7309,4
1807,7308,4
1808,7308,4
1809,7309,4
1810,7309,4
1811,7308,4
1812,7309,4
1813,7311,4
1814,7311,4
1815,7311,4
1816,7308,4
1817,7311,4
1818,7308,4
1819,7309,4
1820,7310,4
1821,7302,4
1822,7308,4
1823,7308,4
1824,7309,4
1825,7311,4
1826,7309,4
1827,7308,4
1828,7308,4
1829,7308,4
1830,7308,4
1831,7308,4
1832,7308,4
1833,7308,4
1834,7308,4
1835,7311,4
1836,7307,4
1837,7311,4
1838,7302,4
1839,7308,4
1840,7310,4
1841,7308,4
1842,7311,4
1843,7308,4
1844,7308,4
1845,7311,4
1846,7311,4
1847,7311,4
1848,7308,4
1849,7310,4
1850,7308,4
1851,7309,4
1852,7308,4
1853,7311,4
1854,7308,4
1855,7311,4
1856,7308,4
1857,7308,4
1858,7308,4
1859,7309,4
1860,7311,4
1861,7309,4
1862,7309,4
1863,7308,4
1864,7311,4
1865,7310,4
1866,7311,4
1867,7308,4
1868,7307,4
1869,7311,4
1870,7308,4
1871,7311,4
1872,7310,4
1873,7308,4
1874,7308,4
1875,7308,4
1876,7311,4
1877,7311,4
1878,7311,4
1879,7309,4
1880,7308,4
1881,7308,4
1882,7309,4
1883,7308,4
1884,7308,4
1885,7311,4
1886,7311,4
1887,7311,4
1888,7308,4
1889,7311,4
1890,7311,4
1891,7307,4
1892,7307,4
1893,7311,4
1894,7309,4
1895,7308,4
1896,7308,4
1897,7310,4
1898,7308,4
1899,7302,4
1900,7311,4
1901,7308,4
1902,7311,4
1903,7310,4
1904,7311,4
1905,7309,4
1906,7308,4
1907,7309,4
1908,7308,4
1909,7308,4
1910,7309,4
1911,7308,4
1912,7308,4
1913,7308,4
1914,7311,4
1915,7309,4
1916,7308,4
1917,7308,4
1918,7311,4
1919,7311,4
1920,7311,4
1921,7311,4
1922,7308,4
1923,7311,4
1924,7309,4
1925,7308,4
1926,7308,4
1927,7308,4
1928,7308,4
1929,7308,4
1930,7308,4
1931,7308,4
1932,7309,4
1933,7308,4
1934,7311,4
1935,7307,4
1936,7311,4
1937,7308,4
1938,7310,4
1939,7311,4
1940,7311,4
1941,7311,4
1942,7311,4
1943,7311,4
1944,7308,4
1945,7308,4
1946,7309,4
1947,7311,4
1948,7308,4
1949,7311,4
1950,7308,4
1951,7311,4
1952,7308,4
1953,7312,4
1954,7311,4
1955,7311,4
1956,7311,4
1957,7310,4
1958,7311,4
1959,7311,4
1960,7308,4
1961,7308,4
1962,7311,4
1963,7311,4
1964,7308,4
1965,7311,4
1966,7311,4
1967,7308,4
1968,7308,4
1969,7311,4
1970,7311,4
1971,7308,4
1972,7311,4
1973,7308,4
1974,7312,4
1975,7311,4
1976,7308,4
1977,7311,4
1978,7308,4
1979,7308,4
1980,7307,4
1981,7311,4
1982,7308,4
1983,7308,4
1984,7308,4
1985,7311,4
1986,7312,4
1987,7311,4
1988,7302,4
1989,7314,4
1990,7307,4
1991,7308,4
1992,7308,4
1993,7308,4
1994,7311,4
1995,7311,4
1996,7312,4
1997,7308,4
1998,7312,4
1999,7311,4
2000,7308,4
2001,7311,4
2002,7311,4
2003,7308,4
2004,7308,4
2005,7312,4
2006,7308,4
2007,7312,4
2008,7308,4
2009,7311,4
2010,7311,4
2011,7308,4
2012,7308,4
2013,7312,4
2014,7308,4
2015,7308,4
2016,7312,4
2017,7308,4
2018,7311,4
2019,7311,4
2020,7308,4
2021,7308,4
2022,7308,4
2023,7308,4
2024,7308,4
2025,7308,4
2026,7308,4
2027,7311,4
2028,7311,4
2029,7308,4
2030,7312,4
2031,7308,4
2032,7308,4
2033,7312,4
2034,7312,4
2035,7307,4
2036,7311,4
2037,7302,4
2038,7308,4
2039,7311,4
2040,7308,4
2041,7308,4
2042,7311,4
2043,7312,4
2044,7312,4
2045,7312,4
2046,7311,4
2047,7308,4
2048,7312,4
2049,7312,4
2050,7308,4
2051,7312,4
2052,7311,4
2053,7308,4
2054,7311,4
2055,7308,4
2056,7311,4
2057,7308,4
2058,7311,4
2059,7311,4
2060,7308,4
2061,7311,4
2062,7311,4
2063,7312,4
2064,7308,4
2065,7314,4
2066,7314,4
2067,7312,4
2068,7312,4
2069,7311,4
2070,7312,4
2071,7311,4
2072,7314,4
2073,7308,4
2074,7312,4
2075,7312,4
2076,7312,4
2077,7308,4
2078,7311,4
2079,7311,4
2080,7311,4
2081,7308,4
2082,7312,4
2083,7311,4
2084,7312,4
2085,7314,4
2086,7311,4
2087,7311,4
2088,7312,4
2089,7302,4
2090,7308,4
2091,7312,4
2092,7308,4
2093,7302,4
2094,7312,4
2095,7312,4
2096,7312,4
2097,7312,4
2098,7312,4
2099,7311,4
2100,7311,4
2101,7302,4
2102,7308,4
2103,7308,4
2104,7308,4
2105,7308,4
2106,7314,4
2107,7311,4
2108,7314,4
2109,7307,4
2110,7312,4
2111,7311,4
2112,7308,4
2113,7311,4
2114,7312,4
2115,7312,4
2116,7312,4
2117,7308,4
2118,7308,4
2119,7311,4
2120,7311,4
2121,7311,4
2122,7311,4
2123,7311,4
2124,7307,4
2125,7314,4
2126,7308,4
2127,7311,4
2128,7314,4
2129,7311,4
2130,7312,4
2131,7312,4
2132,7312,4
2133,7308,4
2134,7312,4
2135,7312,4
2136,7308,4
2137,7311,4
2138,7308,4
2139,7307,4
2140,7308,4
2141,7302,4
2142,7311,4
2143,7311,4
2144,7312,4
2145,7308,4
2146,7307,4
2147,7314,4
2148,7312,4
2149,7312,4
2150,7311,4
2151,7311,4
2152,7311,4
2153,7311,4
2154,7307,4
2155,7311,4
2156,7311,4
2157,7311,4
2158,7307,4
2159,7312,4
2160,7312,4
2161,7311,4
2162,7311,4
2163,7310,4
2164,7312,4
2165,7302,4
2166,7311,4
2167,7312,4
2168,7311,4
2169,7307,4
2170,7311,4
2171,7311,4
2172,7311,4
2173,7312,4
2174,7311,4
2175,7311,4
2176,7312,4
2177,7312,4
2178,7308,4
2179,7312,4
2180,7311,4
2181,7312,4
2182,7312,4
2183,7311,4
2184,7307,4
2185,7310,4
2186,7311,4
2187,7307,4
2188,7311,4
2189,7311,4
2190,7311,4
2191,7311,4
2192,7307,4
2193,7312,4
2194,7311,4
2195,7311,4
2196,7311,4
2197,7311,4
2198,7311,4
2199,7312,4
2200,7312,4
2201,7312,4
2202,7312,4
2203,7313,4
2204,7312,4
2205,7307,4
2206,7312,4
2207,7311,4
2208,7311,4
2209,7311,4
2210,7311,4
2211,7311,4
2212,7311,4
2213,7312,4
2214,7307,4
2215,7312,4
2216,7311,4
2217,7302,4
2218,7312,4
2219,7307,4
2220,7310,4
2221,7302,4
2222,7312,4
2223,7302,4
2224,7311,4
2225,7311,4
2226,7313,4
2227,7311,4
2228,7312,4
2229,7313,4
2230,7307,4
2231,7311,4
2232,7302,4
2233,7312,4
2234,7312,4
2235,7313,4
2236,7312,4
2237,7313,4
2238,7313,4
2239,7312,4
2240,7311,4
2241,7311,4
2242,7312,4
2243,7307,4
2244,7307,4
2245,7307,4
2246,7312,4
2247,7312,4
2248,7312,4
2249,7312,4
2250,7312,4
2251,7307,4
2252,7312,4
2253,7312,4
2254,7312,4
2255,7313,4
2256,7307,4
2257,7312,4
2258,7312,4
2259,7313,4
2260,7314,4
2261,7313,4
2262,7313,4
2263,7307,4
2264,7312,4
2265,7312,4
2266,7312,4
2267,7313,4
2268,7310,4
2269,7312,4
2270,7312,4
2271,7310,4
2272,7312,4
2273,7307,4
2274,7302,4
2275,7312,4
2276,7307,4
2277,7307,4
2278,7307,4
2279,7312,4
2280,7312,4
2281,7307,4
2282,7312,4
2283,7312,4
2284,7312,4
2285,7312,4
2286,7312,4
2287,7313,4
2288,7307,4
2289,7312,4
2290,7307,4
2291,7310,4
2292,7312,4
2293,7307,4
2294,7307,4
2295,7313,4
2296,7310,4
2297,7313,4
2298,7307,4
2299,7307,4
2300,7312,4
2301,7313,4
2302,7312,4
2303,7312,4
2304,7302,4
2305,7310,4
2306,7307,4
2307,7302,4
2308,7312,4
2309,7313,4
2310,7307,4
2311,7312,4
2312,7302,4
2313,7313,4
2314,7313,4
2315,7312,4
2316,7307,4
2317,7313,4
2318,7307,4
2319,7310,4
2320,7307,4
2321,7307,4
2322,7313,4
2323,7307,4
2324,7313,4
2325,7313,4
2326,7302,4
2327,7307,4
2328,7312,4
2329,7312,4
2330,7307,4
2331,7310,4
2332,7307,4
2333,7313,4
2334,7307,4
2335,7307,4
2336,7307,4
2337,7307,4
2338,7307,4
2339,7307,4
2340,7307,4
2341,7312,4
2342,7312,4
2343,7313,4
2344,7313,4
2345,7302,4
2346,7302,4
2347,7307,4
2348,7302,4
2349,7313,4
2350,7307,4
2351,7307,4
2352,7307,4
2353,7307,4
2354,7310,4
2355,7307,4
2356,7312,4
2357,7312,4
2358,7307,4
2359,7307,4
2360,7307,4
2361,7307,4
2362,7307,4
2363,7314,4
2364,7312,4
2365,7313,4
2366,7313,4
2367,7313,4
2368,7307,4
2369,7307,4
2370,7307,4
2371,7307,4
2372,7302,4
2373,7313,4
2374,7310,4
2375,7313,4
2376,7307,4
2377,7313,4
2378,7307,4
2379,7312,4
2380,7310,4
2381,7313,4
2382,7312,4
2383,7310,4
2384,7307,4
2385,7313,4
2386,7310,4
2387,7312,4
2388,7310,4
2389,7310,4
2390,7302,4
2391,7313,4
2392,7310,4
2393,7310,4
2394,7313,4
2395,7310,4
2396,7313,4
2397,7310,4
2398,7307,4
2399,7313,4
2400,7313,4
2401,7310,4
2402,7307,4
2403,7302,4
2404,7313,4
2405,7307,4
2406,7315,4
2407,7315,4
2408,7315,4
2409,7313,4
2410,7302,4
2411,7315,4
2412,7310,4
2413,7307,4
2414,7307,4
2415,7307,4
2416,7310,4
2417,7302,4
2418,7310,4
2419,7307,4
2420,7302,4
2421,7310,4
2422,7310,4
2423,7310,4
2424,7310,4
2425,7315,4
2426,7307,4
2427,7310,4
2428,7307,4
2429,7313,4
2430,7310,4
2431,7313,4
2432,7307,4
2433,7313,4
2434,7307,4
2435,7310,4
2436,7310,4
2437,7313,4
2438,7310,4
2439,7313,4
2440,7310,4
2441,7313,4
2442,7307,4
2443,7313,4
2444,7302,4
2445,7314,4
2446,7314,4
2447,7307,4
2448,7313,4
2449,7313,4
2450,7307,4
2451,7313,4
2452,7313,4
2453,7313,4
2454,7302,4
2455,7315,4
2456,7314,4
2457,7307,4
2458,7310,4
2459,7307,4
2460,7315,4
2461,7302,4
2462,7302,4
2463,7315,4
2464,7307,4
2465,7310,4
2466,7315,4
2467,7310,4
2468,7313,4
2469,7302,4
2470,7313,4
2471,7315,4
2472,7302,4
2473,7315,4
2474,7307,4
2475,7315,4
2476,7315,4
2477,7302,4
2478,7314,4
2479,7315,4
2480,7302,4
2481,7310,4
2482,7315,4
2483,7302,4
2484,7302,4
2485,7315,4
2486,7315,4
2487,7315,4
2488,7302,4
2489,7313,4
2490,7313,4
2491,7313,4
2492,7313,4
2493,7313,4
2494,7313,4
2495,7310,4
2496,7313,4
2497,7315,4
2498,7313,4
2499,7307,4
2500,7313,4
2501,7313,4
2502,7313,4
2503,7315,4
2504,7315,4
2505,7307,4
2506,7302,4
2507,7302,4
2508,7310,4
2509,7310,4
2510,7315,4
2511,7302,4
2512,7315,4
2513,7310,4
2514,7307,4
2515,7302,4
2516,7313,4
2517,7313,4
2518,7307,4
2519,7313,4
2520,7302,4
2521,7310,4
2522,7307,4
2523,7310,4
2524,7315,4
2525,7307,4
2526,7310,4
2527,7307,4
2528,7315,4
2529,7315,4
2530,7315,4
2531,7310,4
2532,7315,4
2533,7315,4
2534,7315,4
2535,7315,4
2536,7315,4
2537,7315,4
2538,7310,4
2539,7302,4
2540,7315,4
2541,7314,4
2542,7313,4
2543,7310,4
2544,7315,4
2545,7315,4
2546,7314,4
2547,7315,4
2548,7302,4
2549,7315,4
2550,7315,4
2551,7302,4
2552,7302,4
2553,7302,4
2554,7315,4
2555,7313,4
2556,7313,4
2557,7313,4
2558,7310,4
2559,7315,4
2560,7313,4
2561,7302,4
2562,7315,4
2563,7315,4
2564,7315,4
2565,7302,4
2566,7313,4
2567,7310,4
2568,7313,4
2569,7313,4
2570,7315,4
2571,7302,4
2572,7302,4
2573,7314,4
2574,7310,4
2575,7315,4
2576,7310,4
2577,7314,4
2578,7314,4
2579,7307,4
2580,7313,4
2581,7313,4
2582,7315,4
2583,7313,4
2584,7315,4
2585,7310,4
2586,7313,4
2587,7315,4
2588,7315,4
2589,7315,4
2590,7315,4
2591,7315,4
2592,7315,4
2593,7314,4
2594,7315,4
2595,7314,4
2596,7307,4
2597,7315,4
2598,7310,4
2599,7307,4
2600,7302,4
2601,7307,4
2602,7302,4
2603,7302,4
2604,7313,4
2605,7302,4
2606,7307,4
2607,7302,4
2608,7310,4
2609,7315,4
2610,7315,4
2611,7307,4
2612,7307,4
2613,7313,4
2614,7314,4
2615,7310,4
2616,7313,4
2617,7307,4
2618,7315,4
2619,7307,4
2620,7313,4
2621,7315,4
2622,7310,4
2623,7310,4
2624,7313,4
2625,7315,4
2626,7315,4
2627,7315,4
2628,7315,4
2629,7315,4
2630,7310,4
2631,7313,4
2632,7313,4
2633,7315,4
2634,7315,4
2635,7302,4
2636,7315,4
2637,7315,4
2638,7315,4
2639,7315,4
2640,7314,4
2641,7315,4
2642,7315,4
2643,7313,4
2644,7310,4
2645,7313,4
2646,7315,4
2647,7315,4
2648,7315,4
2649,7313,4
2650,7314,4
2651,7314,4
2652,7315,4
2653,7307,4
2654,7307,4
2655,7315,4
2656,7310,4
2657,7313,4
2658,7315,4
2659,7315,4
2660,7313,4
2661,7315,4
2662,7307,4
2663,7315,4
2664,7315,4
2665,7313,4
2666,7315,4
2667,7315,4
2668,7313,4
2669,7315,4
2670,7313,4
2671,7315,4
2672,7302,4
2673,7313,4
2674,7310,4
2675,7313,4
2676,7307,4
2677,7315,4
2678,7313,4
2679,7313,4
2680,7313,4
2681,7314,4
2682,7310,4
2683,7310,4
2684,7315,4
2685,7315,4
2686,7315,4
2687,7315,4
2688,7315,4
2689,7302,4
2690,7315,4
2691,7313,4
2692,7314,4
2693,7313,4
2694,7313,4
2695,7310,4
2696,7315,4
2697,7307,4
2698,7315,4
2699,7313,4
2700,7315,4
2701,7313,4
2702,7313,4
2703,7302,4
2704,7307,4
2705,7314,4
2706,7310,4
2707,7313,4
2708,7314,4
2709,7315,4
2710,7313,4
2711,7313,4
2712,7313,4
2713,7313,4
2714,7307,4
2715,7307,4
2716,7310,4
2717,7307,4
2718,7307,4
2719,7314,4
2720,7315,4
2721,7313,4
2722,7310,4
2723,7313,4
2724,7313,4
2725,7315,4
2726,7315,4
2727,7310,4
2728,7315,4
2729,7307,4
2730,7310,4
2731,7302,4
2732,7310,4
2733,7315,4
2734,7310,4
2735,7315,4
2736,7315,4
2737,7310,4
2738,7313,4
2739,7310,4
2740,7313,4
2741,7314,4
2742,7313,4
2743,7302,4
2744,7315,4
2745,7315,4
2746,7314,4
2747,7313,4
2748,7313,4
2749,7313,4
2750,7313,4
2751,7313,4
2752,7314,4
2753,7315,4
2754,7310,4
2755,7314,4
2756,7313,4
2757,7310,4
2758,7315,4
2759,7315,4
2760,7313,4
2761,7313,4
2762,7313,4
2763,7310,4
2764,7307,4
2765,7310,4
2766,7307,4
2767,7315,4
2768,7310,4
2769,7315,4
2770,7315,4
2771,7315,4
2772,7310,4
2773,7315,4
2774,7315,4
2775,7313,4
2776,7313,4
2777,7314,4
2778,7313,4
2779,7315,4
2780,7315,4
2781,7314,4
2782,7310,4
2783,7313,4
2784,7307,4
2785,7315,4
2786,7310,4
2787,7315,4
2788,7314,4
2789,7313,4
2790,7310,4
2791,7315,4
2792,7313,4
2793,7314,4
2794,7315,4
2795,7314,4
2796,7315,4
2797,7310,4
2798,7310,4
2799,7314,4
2800,7314,4
2801,7313,4
2802,7313,4
2803,7313,4
2804,7313,4
2805,7313,4
2806,7313,4
2807,7313,4
2808,7313,4
2809,7313,4
2810,7313,4
2811,7313,4
2812,7313,4
2813,7313,4
2814,7314,4
2815,7315,4
2816,7310,4
2817,7310,4
2818,7313,4
2819,7310,4
2820,7314,4
2821,7319,4
2822,7314,4
2823,7315,4
2824,7310,4
2825,7310,4
2826,7315,4
2827,7315,4
2828,7307,4
2829,7310,4
2830,7310,4
2831,7307,4
2832,7315,4
2833,7310,4
2834,7302,4
2835,7302,4
2836,7314,4
2837,7310,4
2838,7315,4
2839,7315,4
2840,7315,4
2841,7314,4
2842,7310,4
2843,7314,4
2844,7315,4
2845,7310,4
2846,7315,4
2847,7314,4
2848,7314,4
2849,7314,4
2850,7310,4
2851,7314,4
2852,7310,4
2853,7315,4
2854,7315,4
2855,7313,4
2856,7310,4
2857,7314,4
2858,7310,4
2859,7313,4
2860,7313,4
2861,7313,4
2862,7313,4
2863,7313,4
2864,7313,4
2865,7313,4
2866,7313,4
2867,7313,4
2868,7315,4
2869,7310,4
2870,7313,4
2871,7310,4
2872,7313,4
2873,7314,4
2874,7310,4
2875,7313,4
2876,7313,4
2877,7314,4
2878,7314,4
2879,7315,4
2880,7310,4
2881,7310,4
2882,7313,4
2883,7314,4
2884,7315,4
2885,7310,4
2886,7314,4
2887,7314,4
2888,7315,4
2889,7302,4
2890,7314,4
2891,7310,4
2892,7313,4
2893,7310,4
2894,7313,4
2895,7310,4
2896,7310,4
2897,7310,4
2898,7314,4
2899,7310,4
2900,7313,4
2901,7313,4
2902,7313,4
2903,7310,4
2904,7313,4
2905,7313,4
2906,7313,4
2907,7314,4
2908,7310,4
2909,7315,4
2910,7315,4
2911,7314,4
2912,7310,4
2913,7315,4
2914,7313,4
2915,7310,4
2916,7314,4
2917,7315,4
2918,7315,4
2919,7313,4
2920,7310,4
2921,7313,4
2922,7314,4
2923,7310,4
2924,7314,4
2925,7310,4
2926,7310,4
2927,7313,4
2928,7313,4
2929,7314,4
2930,7310,4
2931,7315,4
2932,7310,4
2933,7313,4
2934,7313,4
2935,7310,4
2936,7314,4
2937,7315,4
2938,7315,4
2939,7314,4
2940,7310,4
2941,7310,4
2942,7310,4
2943,7313,4
2944,7315,4
2945,7314,4
2946,7313,4
2947,7313,4
2948,7310,4
2949,7315,4
2950,7313,4
2951,7315,4
2952,7310,4
2953,7314,4
2954,7314,4
2955,7310,4
2956,7314,4
2957,7313,4
2958,7314,4
2959,7313,4
2960,7315,4
2961,7313,4
2962,7313,4
2963,7313,4
2964,7313,4
2965,7313,4
2966,7313,4
2967,7313,4
2968,7313,4
2969,7313,4
2970,7313,4
2971,7307,4
2972,7319,4
2973,7314,4
2974,7310,4
2975,7314,4
2976,7314,4
2977,7314,4
2978,7314,4
2979,7314,4
2980,7315,4
2981,7310,4
2982,7315,4
2983,7310,4
2984,7315,4
2985,7313,4
2986,7313,4
2987,7313,4
2988,7315,4
2989,7315,4
2990,7314,4
2991,7315,4
2992,7314,4
2993,7314,4
2994,7314,4
2995,7314,4
2996,7313,4
2997,7314,4
2998,7314,4
2999,7315,4
3000,7313,4
3001,7313,4
3002,7314,4
3003,7313,4
3004,7313,4
3005,7313,4
3006,7310,4
3007,7314,4
3008,7314,4
3009,7315,4
3010,7314,4
3011,7310,4
3012,7307,4
3013,7307,4
3014,7314,4
3015,7315,4
3016,7314,4
3017,7314,4
3018,7315,4
3019,7313,4
3020,7315,4
3021,7313,4
3022,7315,4
3023,7315,4
3024,7310,4
3025,7313,4
3026,7314,4
3027,7314,4
3028,7314,4
3029,7313,4
3030,7319,4
3031,7313,4
3032,7313,4
3033,7313,4
3034,7313,4
3035,7313,4
3036,7313,4
3037,7313,4
3038,7313,4
3039,7313,4
3040,7314,4
3041,7319,4
3042,7313,4
3043,7313,4
3044,7313,4
3045,7314,4
3046,7315,4
3047,7314,4
3048,7314,4
3049,7314,4
3050,7313,4
3051,7315,4
3052,7315,4
3053,7313,4
3054,7313,4
3055,7314,4
3056,7314,4
3057,7315,4
3058,7314,4
3059,7314,4
3060,7314,4
3061,7314,4
3062,7315,4
3063,7315,4
3064,7315,4
3065,7314,4
3066,7315,4
3067,7313,4
3068,7314,4
3069,7313,4
3070,7315,4
3071,7315,4
3072,7310,4
3073,7314,4
3074,7314,4
3075,7314,4
3076,7315,4
3077,7315,4
3078,7313,4
3079,7310,4
3080,7314,4
3081,7314,4
3082,7313,4
3083,7313,4
3084,7314,4
3085,7315,4
3086,7315,4
3087,7314,4
3088,7314,4
3089,7315,4
3090,7315,4
3091,7315,4
3092,7314,4
3093,7317,4
3094,7315,4
3095,7319,4
3096,7315,4
3097,7314,4
3098,7317,4
3099,7315,4
3100,7313,4
3101,7313,4
3102,7314,4
3103,7315,4
3104,7315,4
3105,7313,4
3106,7313,4
3107,7313,4
3108,7313,4
3109,7315,4
3110,7313,4
3111,7317,4
3112,7317,4
3113,7314,4
3114,7313,4
3115,7317,4
3116,7314,4
3117,7314,4
3118,7315,4
3119,7314,4
3120,7315,4
3121,7315,4
3122,7317,4
3123,7314,4
3124,7313,4
3125,7314,4
3126,7315,4
3127,7315,4
3128,7314,4
3129,7317,4
3130,7310,4
3131,7317,4
3132,7317,4
3133,7317,4
3134,7317,4
3135,7317,4
3136,7314,4
3137,7310,4
3138,7314,4
3139,7313,4
3140,7314,4
3141,7313,4
3142,7317,4
3143,7314,4
3144,7315,4
3145,7317,4
3146,7314,4
3147,7315,4
3148,7317,4
3149,7315,4
3150,7315,4
3151,7315,4
3152,7314,4
3153,7315,4
3154,7314,4
3155,7314,4
3156,7315,4
3157,7319,4
3158,7314,4
3159,7317,4
3160,7315,4
3161,7313,4
3162,7313,4
3163,7313,4
3164,7313,4
3165,7314,4
3166,7315,4
3167,7310,4
3168,7314,4
3169,7315,4
3170,7314,4
3171,7310,4
3172,7310,4
3173,7315,4
3174,7315,4
3175,7314,4
3176,7317,4
3177,7314,4
3178,7314,4
3179,7314,4
3180,7314,4
3181,7310,4
3182,7313,4
3183,7315,4
3184,7317,4
3185,7314,4
3186,7314,4
3187,7315,4
3188,7314,4
3189,7319,4
3190,7315,4
3191,7314,4
3192,7319,4
3193,7316,4
3194,7314,4
3195,7317,4
3196,7315,4
3197,7313,4
3198,7310,4
3199,7317,4
3200,7317,4
3201,7315,4
3202,7317,4
3203,7319,4
3204,7314,4
3205,7317,4
3206,7317,4
3207,7313,4
3208,7317,4
3209,7314,4
3210,7310,4
3211,7315,4
3212,7315,4
3213,7314,4
3214,7313,4
3215,7316,4
3216,7314,4
3217,7315,4
3218,7313,4
3219,7317,4
3220,7310,4
3221,7315,4
3222,7319,4
3223,7315,4
3224,7314,4
3225,7317,4
3226,7317,4
3227,7315,4
3228,7313,4
3229,7315,4
3230,7319,4
3231,7317,4
3232,7302,4
3233,7315,4
3234,7314,4
3235,7314,4
3236,7302,4
3237,7314,4
3238,7314,4
3239,7314,4
3240,7314,4
3241,7317,4
3242,7314,4
3243,7315,4
3244,7314,4
3245,7314,4
3246,7315,4
3247,7315,4
3248,7314,4
3249,7315,4
3250,7316,4
3251,7315,4
3252,7317,4
3253,7316,4
3254,7314,4
3255,7316,4
3256,7314,4
3257,7314,4
3258,7314,4
3259,7317,4
3260,7314,4
3261,7317,4
3262,7314,4
3263,7314,4
3264,7314,4
3265,7315,4
3266,7319,4
3267,7314,4
3268,7319,4
3269,7314,4
3270,7314,4
3271,7314,4
3272,7317,4
3273,7317,4
3274,7317,4
3275,7315,4
3276,7316,4
3277,7317,4
3278,7317,4
3279,7317,4
3280,7316,4
3281,7317,4
3282,7315,4
3283,7315,4
3284,7314,4
3285,7314,4
3286,7317,4
3287,7319,4
3288,7314,4
3289,7317,4
3290,7317,4
3291,7319,4
3292,7319,4
3293,7314,4
3294,7317,4
3295,7315,4
3296,7315,4
3297,7316,4
3298,7315,4
3299,7314,4
3300,7314,4
3301,7317,4
3302,7314,4
3303,7317,4
3304,7319,4
3305,7315,4
3306,7314,4
3307,7314,4
3308,7314,4
3309,7319,4
3310,7319,4
3311,7316,4
3312,7316,4
3313,7316,4
3314,7317,4
3315,7317,4
3316,7317,4
3317,7317,4
3318,7319,4
3319,7310,4
3320,7310,4
3321,7319,4
3322,7319,4
3323,7319,4
3324,7310,4
3325,7316,4
3326,7314,4
3327,7316,4
3328,7316,4
3329,7314,4
3330,7310,4
3331,7316,4
3332,7310,4
3333,7314,4
3334,7314,4
3335,7319,4
3336,7314,4
3337,7316,4
3338,7310,4
3339,7317,4
3340,7317,4
3341,7314,4
3342,7317,4
3343,7317,4
3344,7310,4
3345,7317,4
3346,7310,4
3347,7317,4
3348,7310,4
3349,7316,4
3350,7319,4
3351,7310,4
3352,7314,4
3353,7314,4
3354,7319,4
3355,7319,4
3356,7319,4
3357,7319,4
3358,7316,4
3359,7316,4
3360,7310,4
3361,7319,4
3362,7316,4
3363,7317,4
3364,7319,4
3365,7310,4
3366,7316,4
3367,7319,4
3368,7319,4
3369,7319,4
3370,7310,4
3371,7316,4
3372,7314,4
3373,7316,4
3374,7310,4
3375,7317,4
3376,7317,4
3377,7314,4
3378,7317,4
3379,7316,4
3380,7314,4
3381,7319,4
3382,7310,4
3383,7317,4
3384,7314,4
3385,7316,4
3386,7310,4
3387,7310,4
3388,7310,4
3389,7316,4
3390,7316,4
3391,7319,4
3392,7316,4
3393,7316,4
3394,7314,4
3395,7317,4
3396,7317,4
3397,7317,4
3398,7317,4
3399,7317,4
3400,7317,4
3401,7310,4
3402,7317,4
3403,7310,4
3404,7317,4
3405,7310,4
3406,7310,4
3407,7316,4
3408,7314,4
3409,7319,4
3410,7317,4
3411,7319,4
3412,7317,4
3413,7310,4
3414,7319,4
3415,7310,4
3416,7310,4
3417,7317,4
3418,7310,4
3419,7316,4
3420,7316,4
3421,7310,4
3422,7314,4
3423,7319,4
3424,7319,4
3425,7316,4
3426,7310,4
3427,7316,4
3428,7310,4
3429,7319,4
3430,7316,4
3431,7316,4
3432,7310,4
3433,7317,4
3434,7319,4
3435,7319,4
3436,7310,4
3437,7317,4
3438,7314,4
3439,7310,4
3440,7319,4
3441,7310,4
3442,7317,4
3443,7310,4
3444,7316,4
3445,7316,4
3446,7316,4
3447,7310,4
3448,7316,4
3449,7316,4
3450,7316,4
3451,7316,4
3452,7310,4
3453,7319,4
3454,7310,4
3455,7319,4
3456,7319,4
3457,7316,4
3458,7316,4
3459,7310,4
3460,7317,4
3461,7310,4
3462,7316,4
3463,7310,4
3464,7317,4
3465,7310,4
3466,7319,4
3467,7310,4
3468,7310,4
3469,7310,4
3470,7316,4
3471,7310,4
3472,7316,4
3473,7310,4
3474,7310,4
3475,7310,4
3476,7310,4
3477,7319,4
3478,7319,4
3479,7310,4
3480,7319,4
3481,7319,4
3482,7316,4
3483,7316,4
3484,7316,4
3485,7316,4
3486,7317,4
3487,7310,4
3488,7319,4
3489,7314,4
3490,7317,4
3491,7314,4
3492,7310,4
3493,7317,4
3494,7310,4
3495,7319,4
3496,7319,4
3497,7317,4
3498,7317,4
3499,7310,4
3500,7310,4
3501,7317,4
3502,7317,4
3503,7316,4
3504,7316,4
3505,7317,4
3506,7310,4
3507,7319,4
3508,7310,4
3509,7319,4
3510,7316,4
3511,7319,4
3512,7316,4
3513,7316,4
3514,7316,4
3515,7316,4
3516,7316,4
3517,7310,4
3518,7316,4
3519,7317,4
3520,7316,4
3521,7316,4
3522,7316,4
3523,7316,4
3524,7310,4
3525,7317,4
3526,7310,4
3527,7316,4
3528,7310,4
3529,7310,4
3530,7319,4
3531,7310,4
3532,7310,4
3533,7319,4
3534,7310,4
3535,7310,4
3536,7317,4
3537,7316,4
3538,7316,4
3539,7310,4
3540,7317,4
3541,7310,4
3542,7310,4
3543,7310,4
3544,7319,4
3545,7310,4
3546,7319,4
3547,7316,4
3548,7317,4
3549,7316,4
3550,7316,4
3551,7316,4
3552,7319,4
3553,7317,4
3554,7310,4
3555,7310,4
3556,7310,4
3557,7316,4
3558,7319,4
3559,7319,4
3560,7319,4
3561,7310,4
3562,7319,4
3563,7310,4
3564,7310,4
3565,7316,4
3566,7310,4
3567,7319,4
3568,7302,4
3569,7316,4
3570,7316,4
3571,7316,4
3572,7310,4
3573,7316,4
3574,7317,4
3575,7310,4
3576,7310,4
3577,7319,4
3578,7310,4
3579,7319,4
3580,7319,4
3581,7310,4
3582,7319,4
3583,7319,4
3584,7319,4
3585,7310,4
3586,7310,4
3587,7319,4
3588,7319,4
3589,7310,4
3590,7317,4
3591,7310,4
3592,7317,4
3593,7316,4
3594,7319,4
3595,7317,4
3596,7319,4
3597,7317,4
3598,7317,4
3599,7319,4
3600,7319,4
3601,7319,4
3602,7310,4
3603,7319,4
3604,7319,4
3605,7316,4
3606,7316,4
3607,7319,4
3608,7316,4
3609,7316,4
3610,7316,4
3611,7316,4
3612,7319,4
3613,7310,4
3614,7310,4
3615,7319,4
3616,7319,4
3617,7310,4
3618,7310,4
3619,7317,4
3620,7319,4
3621,7310,4
3622,7310,4
3623,7319,4
3624,7310,4
3625,7316,4
3626,7317,4
3627,7310,4
3628,7310,4
3629,7310,4
3630,7318,4
3631,7316,4
3632,7310,4
3633,7319,4
3634,7310,4
3635,7316,4
3636,7319,4
3637,7316,4
3638,7319,4
3639,7310,4
3640,7317,4
3641,7316,4
3642,7316,4
3643,7316,4
3644,7319,4
3645,7319,4
3646,7316,4
3647,7319,4
3648,7316,4
3649,7316,4
3650,7316,4
3651,7316,4
3652,7310,4
3653,7316,4
3654,7317,4
3655,7317,4
3656,7316,4
3657,7310,4
3658,7310,4
3659,7310,4
3660,7310,4
3661,7317,4
3662,7310,4
3663,7319,4
3664,7316,4
3665,7316,4
3666,7310,4
3667,7319,4
3668,7310,4
3669,7310,4
3670,7317,4
3671,7316,4
3672,7310,4
3673,7310,4
3674,7316,4
3675,7310,4
3676,7310,4
3677,7319,4
3678,7310,4
3679,7319,4
3680,7319,4
3681,7310,4
3682,7319,4
3683,7316,4
3684,7316,4
3685,7319,4
3686,7310,4
3687,7317,4
3688,7310,4
3689,7310,4
3690,7319,4
3691,7316,4
3692,7310,4
3693,7310,4
3694,7310,4
3695,7310,4
3696,7310,4
3697,7316,4
3698,7317,4
3699,7316,4
3700,7317,4
3701,7316,4
3702,7310,4
3703,7310,4
3704,7317,4
3705,7317,4
3706,7310,4
3707,7316,4
3708,7317,4
3709,7319,4
3710,7316,4
3711,7319,4
3712,7310,4
3713,7317,4
3714,7316,4
3715,7317,4
3716,7316,4
3717,7316,4
3718,7319,4
3719,7316,4
3720,7310,4
3721,7319,4
3722,7319,4
3723,7310,4
3724,7316,4
3725,7310,4
3726,7316,4
3727,7319,4
3728,7319,4
3729,7317,4
3730,7316,4
3731,7316,4
3732,7319,4
3733,7316,4
3734,7319,4
3735,7310,4
3736,7310,4
3737,7316,4
3738,7316,4
3739,7319,4
3740,7319,4
3741,7318,4
3742,7316,4
3743,7319,4
3744,7318,4
3745,7310,4
3746,7317,4
3747,7319,4
3748,7310,4
3749,7310,4
3750,7317,4
3751,7310,4
3752,7319,4
3753,7302,4
3754,7310,4
3755,7310,4
3756,7316,4
3757,7319,4
3758,7319,4
3759,7319,4
3760,7310,4
3761,7317,4
3762,7319,4
3763,7316,4
3764,7316,4
3765,7316,4
3766,7316,4
3767,7310,4
3768,7319,4
3769,7319,4
3770,7310,4
3771,7319,4
3772,7319,4
3773,7302,4
3774,7316,4
3775,7319,4
3776,7316,4
3777,7319,4
3778,7310,4
3779,7310,4
3780,7319,4
3781,7316,4
3782,7316,4
3783,7310,4
3784,7316,4
3785,7316,4
3786,7316,4
3787,7316,4
3788,7316,4
3789,7316,4
3790,7316,4
3791,7316,4
3792,7316,4
3793,7316,4
3794,7318,4
3795,7310,4
3796,7317,4
3797,7318,4
3798,7316,4
3799,7310,4
3800,7310,4
3801,7316,4
3802,7310,4
3803,7310,4
3804,7302,4
3805,7317,4
3806,7319,4
3807,7319,4
3808,7319,4
3809,7319,4
3810,7319,4
3811,7317,4
3812,7316,4
3813,7319,4
3814,7319,4
3815,7310,4
3816,7319,4
3817,7316,4
3818,7316,4
3819,7316,4
3820,7316,4
3821,7310,4
3822,7317,4
3823,7310,4
3824,7318,4
3825,7316,4
3826,7316,4
3827,7319,4
3828,7310,4
3829,7316,4
3830,7316,4
3831,7319,4
3832,7310,4
3833,7318,4
3834,7316,4
3835,7316,4
3836,7316,4
3837,7319,4
3838,7310,4
3839,7310,4
3840,7316,4
3841,7316,4
3842,7316,4
3843,7317,4
3844,7316,4
3845,7316,4
3846,7310,4
3847,7316,4
3848,7316,4
3849,7317,4
3850,7316,4
3851,7316,4
3852,7316,4
3853,7310,4
3854,7316,4
3855,7310,4
3856,7319,4
3857,7316,4
3858,7316,4
3859,7319,4
3860,7316,4
3861,7317,4
3862,7319,4
3863,7316,4
3864,7316,4
3865,7310,4
3866,7316,4
3867,7316,4
3868,7302,4
3869,7319,4
3870,7316,4
3871,7316,4
3872,7316,4
3873,7316,4
3874,7316,4
3875,7310,4
3876,7310,4
3877,7316,4
3878,7319,4
3879,7316,4
3880,7319,4
3881,7310,4
3882,7319,4
3883,7316,4
3884,7310,4
3885,7310,4
3886,7316,4
3887,7316,4
3888,7316,4
3889,7316,4
3890,7316,4
3891,7316,4
3892,7316,4
3893,7316,4
3894,7316,4
3895,7317,4
3896,7319,4
3897,7316,4
3898,7319,4
3899,7310,4
3900,7319,4
3901,7319,4
3902,7319,4
3903,7319,4
3904,7316,4
3905,7316,4
3906,7316,4
3907,7316,4
3908,7316,4
3909,7316,4
3910,7316,4
3911,7316,4
3912,7316,4
3913,7316,4
3914,7316,4
3915,7316,4
3916,7316,4
3917,7318,4
3918,7319,4
3919,7319,4
3920,7318,4
3921,7316,4
3922,7302,4
3923,7319,4
3924,7316,4
3925,7319,4
3926,7316,4
3927,7319,4
3928,7316,4
3929,7316,4
3930,7316,4
3931,7316,4
3932,7316,4
3933,7316,4
3934,7316,4
3935,7316,4
3936,7316,4
3937,7316,4
3938,7316,4
3939,7316,4
3940,7316,4
3941,7316,4
3942,7316,4
3943,7316,4
3944,7316,4
3945,7319,4
3946,7316,4
3947,7316,4
3948,7316,4
3949,7316,4
3950,7316,4
3951,7316,4
3952,7316,4
3953,7316,4
3954,7316,4
3955,7316,4
3956,7316,4
3957,7316,4
3958,7316,4
3959,7316,4
3960,7316,4
3961,7316,4
3962,7316,4
3963,7316,4
3964,7316,4
3965,7316,4
3966,7316,4
3967,7316,4
3968,7316,4
3969,7316,4
3970,7316,4
3971,7318,4
3972,7318,4
3973,7318,4
3974,7316,4
3975,7318,4
3976,7316,4
3977,7316,4
3978,7316,4
3979,7316,4
3980,7316,4
3981,7316,4
3982,7316,4
3983,7316,4
3984,7316,4
3985,7316,4
3986,7316,4
3987,7316,4
3988,7316,4
3989,7316,4
3990,7316,4
3991,7318,4
3992,7318,4
3993,7318,4
3994,7316,4
3995,7318,4
3996,7316,4
3997,7316,4
3998,7316,4
3999,7316,4
4000,7316,4
4001,7316,4
4002,7316,4
4003,7316,4
4004,7316,4
4005,7316,4
4006,7316,4
4007,7316,4
4008,7316,4
4009,7316,4
4010,7316,4
4011,7316,4
4012,7316,4
4013,7316,4
4014,7316,4
4015,7316,4
4016,7319,4
4017,7310,4
4018,7318,4
4019,7316,4
4020,7316,4
4021,7316,4
4022,7316,4
4023,7316,4
4024,7316,4
4025,7316,4
4026,7316,4
4027,7316,4
4028,7319,4
4029,7316,4
4030,7316,4
4031,7316,4
4032,7316,4
4033,7316,4
4034,7316,4
4035,7316,4
4036,7316,4
4037,7316,4
4038,7316,4
4039,7316,4
4040,7316,4
4041,7316,4
4042,7316,4
4043,7316,4
4044,7316,4
4045,7319,4
4046,7318,4
4047,7310,4
4048,7316,4
4049,7316,4
4050,7316,4
4051,7316,4
4052,7316,4
4053,7316,4
4054,7316,4
4055,7316,4
4056,7316,4
4057,7316,4
4058,7316,4
4059,7316,4
4060,7316,4
4061,7316,4
4062,7316,4
4063,7316,4
4064,7318,4
4065,7319,4
4066,7316,4
4067,7318,4
4068,7319,4
4069,7319,4
4070,7316,4
4071,7319,4
4072,7319,4
4073,7319,4
4074,7319,4
4075,7316,4
4076,7319,4
4077,7316,4
4078,7316,4
4079,7316,4
4080,7316,4
4081,7316,4
4082,7316,4
4083,7316,4
4084,7316,4
4085,7316,4
4086,7316,4
4087,7316,4
4088,7316,4
4089,7316,4
4090,7316,4
4091,7316,4
4092,7316,4
4093,7316,4
4094,7318,4
4095,7318,4
4096,7316,4
4097,7316,4
4098,7318,4
4099,7318,4
4100,7316,4
4101,7316,4
4102,7316,4
4103,7316,4
4104,7316,4
4105,7316,4
4106,7316,4
4107,7316,4
4108,7316,4
4109,7316,4
4110,7316,4
4111,7316,4
4112,7316,4
4113,7316,4
4114,7316,4
4115,7316,4
4116,7316,4
4117,7316,4
4118,7316,4
4119,7319,4
4120,7319,4
4121,7318,4
4122,7318,4
4123,7316,4
4124,7316,4
4125,7316,4
4126,7316,4
4127,7316,4
4128,7316,4
4129,7316,4
4130,7316,4
4131,7316,4
4132,7316,4
4133,7316,4
4134,7316,4
4135,7316,4
4136,7316,4
4137,7316,4
4138,7316,4
4139,7316,4
4140,7316,4
4141,7316,4
4142,7316,4
4143,7316,4
4144,7316,4
4145,7316,4
4146,7316,4
4147,7316,4
4148,7316,4
4149,7318,4
4150,7318,4
4151,7318,4
4152,7320,4
4153,7316,4
4154,7316,4
4155,7316,4
4156,7316,4
4157,7316,4
4158,7316,4
4159,7316,4
4160,7316,4
4161,7316,4
4162,7316,4
4163,7316,4
4164,7316,4
4165,7316,4
4166,7316,4
4167,7316,4
4168,7318,4
4169,7316,4
4170,7318,4
4171,7302,4
4172,7316,4
4173,7316,4
4174,7316,4
4175,7316,4
4176,7316,4
4177,7316,4
4178,7316,4
4179,7316,4
4180,7316,4
4181,7316,4
4182,7316,4
4183,7316,4
4184,7318,4
4185,7316,4
4186,7318,4
4187,7318,4
4188,7318,4
4189,7318,4
4190,7318,4
4191,7318,4
4192,7316,4
4193,7310,4
4194,7310,4
4195,7316,4
4196,7316,4
4197,7318,4
4198,7316,4
4199,7316,4
4200,7316,4
4201,7316,4
4202,7316,4
4203,7316,4
4204,7316,4
4205,7316,4
4206,7316,4
4207,7316,4
4208,7318,4
4209,7319,4
4210,7318,4
4211,7319,4
4212,7316,4
4213,7316,4
4214,7316,4
4215,7316,4
4216,7316,4
4217,7318,4
4218,7318,4
4219,7319,4
4220,7319,4
4221,7318,4
4222,7318,4
4223,7316,4
4224,7316,4
4225,7316,4
4226,7318,4
4227,7316,4
4228,7316,4
4229,7318,4
4230,7319,4
4231,7316,4
4232,7316,4
4233,7316,4
4234,7316,4
4235,7316,4
4236,7316,4
4237,7316,4
4238,7316,4
4239,7316,4
4240,7318,4
4241,7316,4
4242,7318,4
4243,7310,4
4244,7318,4
4245,7318,4
4246,7318,4
4247,7302,4
4248,7310,4
4249,7318,4
4250,7318,4
4251,7316,4
4252,7319,4
4253,7318,4
4254,7310,4
4255,7316,4
4256,7318,4
4257,7316,4
4258,7316,4
4259,7316,4
4260,7316,4
4261,7316,4
4262,7318,4
4263,7318,4
4264,7318,4
4265,7318,4
4266,7318,4
4267,7318,4
4268,7320,4
4269,7318,4
4270,7318,4
4271,7318,4
4272,7310,4
4273,7318,4
4274,7316,4
4275,7316,4
4276,7318,4
4277,7310,4
4278,7318,4
4279,7316,4
4280,7310,4
4281,7316,4
4282,7318,4
4283,7310,4
4284,7316,4
4285,7316,4
4286,7316,4
4287,7316,4
4288,7318,4
4289,7318,4
4290,7316,4
4291,7310,4
4292,7316,4
4293,7318,4
4294,7318,4
4295,7318,4
4296,7310,4
4297,7318,4
4298,7318,4
4299,7318,4
4300,7318,4
4301,7310,4
4302,7319,4
4303,7316,4
4304,7320,4
4305,7318,4
4306,7316,4
4307,7310,4
4308,7318,4
4309,7318,4
4310,7310,4
4311,7310,4
4312,7318,4
4313,7321,4
4314,7316,4
4315,7318,4
4316,7310,4
4317,7318,4
4318,7310,4
4319,7318,4
4320,7310,4
4321,7318,4
4322,7310,4
4323,7321,4
4324,7321,4
4325,7321,4
4326,7310,4
4327,7310,4
4328,7318,4
4329,7321,4
4330,7316,4
4331,7302,4
4332,7318,4
4333,7320,4
4334,7321,4
4335,7310,4
4336,7318,4
4337,7318,4
4338,7318,4
4339,7321,4
4340,7310,4
4341,7316,4
4342,7318,4
4343,7321,4
4344,7318,4
4345,7318,4
4346,7318,4
4347,7302,4
4348,7302,4
4349,7321,4
4350,7310,4
4351,7321,4
4352,7321,4
4353,7321,4
4354,7318,4
4355,7320,4
4356,7302,4
4357,7302,4
4358,7321,4
4359,7321,4
4360,7319,4
4361,7321,4
4362,7310,4
4363,7318,4
4364,7319,4
4365,7320,4
4366,7321,4
4367,7318,4
4368,7318,4
4369,7319,4
4370,7321,4
4371,7321,4
4372,7321,4
4373,7318,4
4374,7319,4
4375,7321,4
4376,7318,4
4377,7321,4
4378,7321,4
4379,7321,4
4380,7318,4
4381,7318,4
4382,7320,4
4383,7318,4
4384,7321,4
4385,7321,4
4386,7321,4
4387,7321,4
4388,7321,4
4389,7321,4
4390,7321,4
4391,7321,4
4392,7310,4
4393,7318,4
4394,7318,4
4395,7321,4
4396,7321,4
4397,7321,4
4398,7302,4
4399,7321,4
4400,7318,4
4401,7321,4
4402,7318,4
4403,7318,4
4404,7321,4
4405,7321,4
4406,7318,4
4407,7318,4
4408,7302,4
4409,7321,4
4410,7318,4
4411,7321,4
4412,7321,4
4413,7320,4
4414,7321,4
4415,7321,4
4416,7321,4
4417,7318,4
4418,7318,4
4419,7320,4
4420,7321,4
4421,7318,4
4422,7302,4
4423,7310,4
4424,7318,4
4425,7321,4
4426,7321,4
4427,7321,4
4428,7320,4
4429,7321,4
4430,7321,4
4431,7321,4
4432,7321,4
4433,7321,4
4434,7321,4
4435,7318,4
4436,7318,4
4437,7321,4
4438,7321,4
4439,7321,4
4440,7321,4
4441,7321,4
4442,7318,4
4443,7318,4
4444,7321,4
4445,7321,4
4446,7318,4
4447,7321,4
4448,7318,4
4449,7321,4
4450,7321,4
4451,7321,4
4452,7320,4
4453,7320,4
4454,7318,4
4455,7319,4
4456,7321,4
4457,7321,4
4458,7321,4
4459,7320,4
4460,7318,4
4461,7321,4
4462,7321,4
4463,7320,4
4464,7321,4
4465,7321,4
4466,7321,4
4467,7318,4
4468,7321,4
4469,7321,4
4470,7321,4
4471,7321,4
4472,7321,4
4473,7321,4
4474,7321,4
4475,7320,4
4476,7321,4
4477,7321,4
4478,7302,4
4479,7321,4
4480,7302,4
4481,7321,4
4482,7321,4
4483,7319,4
4484,7321,4
4485,7302,4
4486,7321,4
4487,7320,4
4488,7320,4
4489,7319,4
4490,7320,4
4491,7321,4
4492,7321,4
4493,7319,4
4494,7320,4
4495,7321,4
4496,7321,4
4497,7321,4
4498,7302,4
4499,7321,4
4500,7320,4
4501,7321,4
4502,7321,4
4503,7321,4
4504,7320,4
4505,7321,4
4506,7320,4
4507,7321,4
4508,7321,4
4509,7321,4
4510,7320,4
4511,7302,4
4512,7320,4
4513,7320,4
4514,7320,4
4515,7320,4
4516,7320,4
4517,7320,4
4518,7321,4
4519,7321,4
4520,7320,4
4521,7302,4
4522,7320,4
4523,7321,4
4524,7320,4
4525,7321,4
4526,7321,4
4527,7321,4
4528,7321,4
4529,7320,4
4530,7321,4
4531,7321,4
4532,7321,4
4533,7320,4
4534,7320,4
4535,7320,4
4536,7321,4
4537,7321,4
4538,7320,4
4539,7321,4
4540,7321,4
4541,7320,4
4542,7320,4
4543,7320,4
4544,7321,4
4545,7320,4
4546,7320,4
4547,7320,4
4548,7320,4
4549,7321,4
4550,7321,4
4551,7320,4
4552,7321,4
4553,7320,4
4554,7320,4
4555,7321,4
4556,7321,4
4557,7320,4
4558,7319,4
4559,7321,4
4560,7321,4
4561,7320,4
4562,7321,4
4563,7320,4
4564,7319,4
4565,7319,4
4566,7321,4
4567,7320,4
4568,7320,4
4569,7320,4
4570,7321,4
4571,7320,4
4572,7321,4
4573,7321,4
4574,7320,4
4575,7320,4
4576,7321,4
4577,7319,4
4578,7321,4
4579,7320,4
4580,7320,4
4581,7320,4
4582,7320,4
4583,7320,4
4584,7321,4
4585,7321,4
4586,7302,4
4587,7321,4
4588,7320,4
4589,7321,4
4590,7310,4
4591,7321,4
4592,7320,4
4593,7321,4
4594,7320,4
4595,7320,4
4596,7321,4
4597,7302,4
4598,7320,4
4599,7320,4
4600,7320,4
4601,7320,4
4602,7321,4
4603,7321,4
4604,7302,4
4605,7321,4
4606,7302,4
4607,7321,4
4608,7320,4
4609,7320,4
4610,7321,4
4611,7320,4
4612,7319,4
4613,7320,4
4614,7321,4
4615,7320,4
4616,7321,4
4617,7321,4
4618,7320,4
4619,7320,4
4620,7320,4
4621,7321,4
4622,7321,4
4623,7320,4
4624,7321,4
4625,7320,4
4626,7320,4
4627,7320,4
4628,7321,4
4629,7321,4
4630,7321,4
4631,7321,4
4632,7321,4
4633,7321,4
4634,7320,4
4635,7321,4
4636,7321,4
4637,7320,4
4638,7321,4
4639,7321,4
4640,7320,4
4641,7321,4
4642,7320,4
4643,7321,4
4644,7321,4
4645,7321,4
4646,7321,4
4647,7321,4
4648,7302,4
4649,7320,4
4650,7321,4
4651,7320,4
4652,7320,4
4653,7321,4
4654,7320,4
4655,7320,4
4656,7320,4
4657,7320,4
4658,7321,4
4659,7320,4
4660,7321,4
4661,7320,4
4662,7321,4
4663,7320,4
4664,7320,4
4665,7320,4
4666,7320,4
4667,7321,4
4668,7321,4
4669,7320,4
4670,7321,4
4671,7321,4
4672,7320,4
4673,7321,4
4674,7320,4
4675,7321,4
4676,7321,4
4677,7321,4
4678,7321,4
4679,7321,4
4680,7320,4
4681,7321,4
4682,7321,4
4683,7302,4
4684,7321,4
4685,7321,4
4686,7321,4
4687,7321,4
4688,7320,4
4689,7320,4
4690,7321,4
4691,7321,4
4692,7321,4
4693,7320,4
4694,7321,4
4695,7320,4
4696,7321,4
4697,7320,4
4698,7320,4
4699,7321,4
4700,7321,4
4701,7321,4
4702,7321,4
4703,7320,4
4704,7320,4
4705,7320,4
4706,7321,4
4707,7321,4
4708,7321,4
4709,7302,4
4710,7302,4
4711,7321,4
4712,7321,4
4713,7320,4
4714,7320,4
4715,7320,4
4716,7321,4
4717,7320,4
4718,7321,4
4719,7321,4
4720,7320,4
4721,7321,4
4722,7321,4
4723,7321,4
4724,7322,4
4725,7320,4
4726,7321,4
4727,7321,4
4728,7320,4
4729,7320,4
4730,7321,4
4731,7321,4
4732,7321,4
4733,7321,4
4734,7320,4
4735,7321,4
4736,7321,4
4737,7321,4
4738,7302,4
4739,7320,4
4740,7321,4
4741,7321,4
4742,7321,4
4743,7321,4
4744,7321,4
4745,7321,4
4746,7321,4
4747,7321,4
4748,7320,4
4749,7321,4
4750,7321,4
4751,7320,4
4752,7321,4
4753,7322,4
4754,7320,4
4755,7321,4
4756,7321,4
4757,7321,4
4758,7320,4
4759,7321,4
4760,7321,4
4761,7320,4
4762,7302,4
4763,7302,4
4764,7321,4
4765,7321,4
4766,7321,4
4767,7322,4
4768,7310,4
4769,7320,4
4770,7320,4
4771,7320,4
4772,7321,4
4773,7321,4
4774,7321,4
4775,7320,4
4776,7321,4
4777,7321,4
4778,7302,4
4779,7322,4
4780,7321,4
4781,7321,4
4782,7321,4
4783,7321,4
4784,7320,4
4785,7321,4
4786,7321,4
4787,7321,4
4788,7321,4
4789,7321,4
4790,7321,4
4791,7321,4
4792,7321,4
4793,7321,4
4794,7321,4
4795,7321,4
4796,7302,4
4797,7322,4
4798,7322,4
4799,7321,4
4800,7320,4
4801,7321,4
4802,7320,4
4803,7319,4
4804,7321,4
4805,7322,4
4806,7321,4
4807,7322,4
4808,7321,4
4809,7322,4
4810,7321,4
4811,7321,4
4812,7322,4
4813,7321,4
4814,7321,4
4815,7321,4
4816,7321,4
4817,7322,4
4818,7322,4
4819,7322,4
4820,7322,4
4821,7322,4
4822,7322,4
4823,7322,4
4824,7322,4
4825,7322,4
4826,7322,4
4827,7322,4
4828,7322,4
4829,7322,4
4830,7322,4
4831,7302,4
4832,7322,4
4833,7322,4
4834,7322,4
4835,7322,4
4836,7322,4
4837,7322,4
4838,7322,4
4839,7322,4
4840,7322,4
4841,7322,4
4842,7322,4
4843,7322,4
4844,7322,4
4845,7322,4
4846,7322,4
4847,7322,4
4848,7322,4
4849,7322,4
4850,7322,4
4851,7322,4
4852,7322,4
4853,7322,4
4854,7322,4
4855,7322,4
4856,7322,4
4857,7322,4
4858,7322,4
4859,7322,4
4860,7322,4
4861,7322,4
4862,7322,4
4863,7322,4
4864,7322,4
4865,7322,4
4866,7322,4
4867,7322,4
4868,7322,4
4869,7322,4
4870,7322,4
4871,7322,4
4872,7322,4
4873,7322,4
4874,7322,4
4875,7322,4
4876,7322,4
4877,7322,4
4878,7322,4
4879,7322,4
4880,7322,4
4881,7322,4
4882,7322,4
4883,7322,4
4884,7322,4
4885,7322,4
4886,7322,4
4887,7322,4
4888,7322,4
4889,7322,4
4890,7322,4
4891,7322,4
4892,7322,4
4893,7322,4
4894,7322,4
4895,7322,4
4896,7322,4
4897,7322,4
4898,7322,4
4899,7322,4
4900,7322,4
4901,7322,4
4902,7322,4
4903,7322,4
4904,7322,4
4905,7322,4
4906,7322,4
4907,7322,4
4908,7322,4
4909,7322,4
4910,7322,4
4911,7322,4
4912,7322,4
4913,7322,4
4914,7322,4
4915,7322,4
4916,7322,4
4917,7322,4
4918,7322,4
4919,7322,4
4920,7322,4
4921,7322,4
4922,7322,4
4923,7322,4
4924,7322,4
4925,7322,4
4926,7322,4
4927,7322,4
4928,7322,4
4929,7322,4
4930,7322,4
4931,7322,4
4932,7322,4
4933,7322,4
4934,7322,4
4935,7322,4
4936,7322,4
4937,7322,4
4938,7322,4
4939,7322,4
4940,7322,4
4941,7322,4
4942,7322,4
4943,7322,4
4944,7322,4
4945,7322,4
4946,7322,4
4947,7322,4
4948,7322,4
4949,7322,4
4950,7322,4
4951,7322,4
4952,7322,4
4953,7322,4
4954,7322,4
4955,7322,4
4956,7322,4
4957,7322,4
4958,7322,4
4959,7322,4
4960,7322,4
4961,7322,4
4962,7322,4
4963,7322,4
4964,7322,4
4965,7322,4
4966,7322,4
4967,7322,4
4968,7322,4
4969,7322,4
4970,7322,4
4971,7322,4
4972,7322,4
4973,7322,4
4974,7322,4
4975,7322,4
4976,7322,4
4977,7322,4
4978,7322,4
4979,7322,4
4980,7322,4
4981,7322,4
4982,7322,4
4983,7322,4
4984,7322,4
4985,7322,4
4986,7322,4
4987,7322,4
4988,7322,4
4989,7322,4
4990,7322,4
4991,7322,4
4992,7322,4
4993,7322,4
4994,7322,4
4995,7322,4
4996,7322,4
